{
  "val_last": {
    "R@1": 0.011904761904761904,
    "R@5": 0.10714285714285714,
    "R@10": 0.16071428571428573,
    "R@20": 0.23809523809523808
  },
  "val": {
    "R@1": 0.005952380952380952,
    "R@5": 0.05952380952380952,
    "R@10": 0.10714285714285714,
    "R@20": 0.2261904761904762
  }
}